Financial Year,Date,Supplier,Amount,Category,Description,Compliance Notes,Transaction ID
FY2024-25,2024-07-29,PMC Holdings,20,Loan Repayment,Loan payment ??,Loan repayments are generally not deductible as they are considered capital in nature. Division 7A ITAA 1936 may apply if the loan is to a shareholder or associate.,bf537270-653f-4c86-963b-bd0a7574d058
FY2022-23,2023-02-27,Metro,1059.71,Loan Repayment,Loan repayment,"Loan repayments are generally not deductible. The deductibility of interest expenses related to the loan depends on the purpose of the loan. If the loan was used for income-producing activities, the i",9c601219-4150-431b-a034-98213789e87c
FY2022-23,2022-12-28,Metro,1059.71,Loan Repayment,Loan repayment,"Requires documentation to verify the nature of the loan and ensure it is not a disguised distribution to shareholders, potentially triggering Division 7A ITAA 1936.",f2758cc5-5eac-4141-b735-7a9271d4cc56
FY2022-23,2023-05-29,Metro,1059.71,Loan Repayment,Loan repayment,Loan repayments are generally not deductible under s 8-1 ITAA 1997 as they are considered capital in nature. The repayment of a loan does not directly relate to the generation of assessable income. Di,32dca9a8-4b7f-4916-bbbc-1b07815661ea
