PRIORITY,Financial Year,Date,Supplier,Amount,Claimable,Deduction Type,Category,Confidence,Transaction ID,Documentation Required,Notes
1,FY2024-25,2025-02-13,Australian Taxation Office,107526.44,107526.44,Section 8-1,Finance,90,3ecdde7a-3f7c-4b7c-b311-fb0eb23d816f,Yes,Confirm the nature of the underlying tax liability to ensure deductibility. Interest payments to the ATO are generally deductible.
2,FY2024-25,2024-07-23,,50000,50000,Section 8-1,Tax Payment,95,5f63e835-1099-415c-8394-2f78c229be41,Yes,"Confirm the nature of the tax payment (e.g., GST, PAYG withholding, income tax).; Obtain evidence of payment (e.g., bank statement, remittance advice)"
3,FY2023-24,2023-11-01,Australian Taxation Office,48723,48723,Section 8-1,Tax,90,5cf83cc2-0df8-4497-a0e6-cf348a4c44f8,Yes,Ensure the BAS is properly documented and reconciles to the underlying transactions.; Review the components of the BAS to determine if any specific it
4,FY2022-23,2023-05-23,,26500,26500,Section 8-1,Tax Payment,95,bb0077ca-deea-4d52-b1cf-683d2b7b3830,Yes,"Confirm the type of tax being paid (GST, PAYG, Income Tax).; Ensure payment matches tax liability."
5,FY2023-24,2023-12-07,Australian Taxation Office,21507,21507,Section 8-1,Payroll,95,1df52f69-bb34-4fa1-af3e-5bec0fac97a3,Yes,Ensure PAYG withholding amounts are reconciled to payroll records.; Confirm payment was made on time to avoid penalties.
6,FY2024-25,2025-06-10,Phill McGurk,20000,20000,Section 8-1,Professional Services,70,06bf934e-1591-494a-8793-91301d4d99c9,Yes,Requires detailed invoice or documentation to support the nature of the expense.; High Division 7A risk if Phill McGurk is a shareholder or associate 
7,FY2024-25,2025-06-10,Phill McGurk,20000,20000,Section 8-1,Professional Services,70,d983a97d-4a73-4a01-9127-338dc49d8607,Yes,Requires detailed invoice or documentation to support the nature of the expense.; High Division 7A risk if Phill McGurk is a shareholder or associate 
8,FY2023-24,2023-11-17,Australian Taxation Office,19000,19000,Section 8-1,PAYG,95,3838c680-f6e1-4392-84a5-30d576d135b3,Yes,Ensure PAYG remittance advice is retained as documentation.; Verify the accuracy of the PAYG amount.
9,FY2023-24,2023-12-07,Construct Services,17981.7,17981.7,Section 8-1,Cleaning & Remediation,90,4ec84c6e-95f2-433b-aae6-a72aa560bbf1,Yes,"Ensure proper documentation (receipts, invoices) is maintained to support the deduction.; Verify that the expenses are wholly and exclusively for busi"
10,FY2023-24,2023-12-07,Superannuation,16211.24,16211.24,Section 8-1,Employee Expenses,95,3eb28563-81ed-4744-a0a9-89e6a5f40eab,Yes,Ensure superannuation contributions are made in accordance with Superannuation Guarantee legislation.; Verify that the contributions are for eligible 
11,FY2024-25,2025-02-24,Commonwealth Bank Overdraft Account,15000,15000,Section 8-1,Finance Costs,95,ecc1260d-150a-4784-b56d-6a750c68d48d,Yes,Requires bank statements to verify the interest expense.; Ensure the overdraft was used for business purposes.
12,FY2025-26,2025-08-07,The Mould Group,14850,14850,Section 8-1,Remediation,95,9657d231-4145-4320-8dbf-277a1059a39d,Yes,"Ensure proper documentation (invoice, receipts) is retained to support the deduction."
13,FY2025-26,2025-07-23,Allianz Australia Insurance Limited,14478.2,14478.2,Section 8-1,Cleaning & Restoration,90,16b2b2dc-d631-4b6e-97f9-d2af6a1165dd,Yes,"Ensure proper documentation (receipts, invoices) is maintained to support the deduction.; Review the 'SOW - Unit 1 and 2' to ensure no capital works a"
14,FY2022-23,2023-05-11,Wages,14252.83,14252.83,Section 8-1,Wages,95,b90fc0ad-fda7-49fc-9739-27a93f2213c9,Yes,Requires payroll records and employee contracts to substantiate the wage expense.; Ensure wages are reasonable and at market rates.
15,FY2022-23,2023-05-18,Wages,14243.65,14243.65,Section 8-1,Wages,90,3b28d08a-0182-4d75-8c04-5a1c5c2b7c01,Yes,Requires payroll records and employee contracts to support the wage expense.; Ensure wages are reasonable and at arm's length.
16,FY2023-24,2023-09-18,Claim Central Pty Ltd ABN 61102685343,13160.82,13160.82,Section 8-1,Cleaning & Restoration,85,8f8e7790-5230-402d-a8b5-8ae77fbdbcfe,Yes,"Ensure adequate documentation (receipts, invoices, SOW) is retained to support the deduction.; Review SOW to confirm no capital works are included."
17,FY2024-25,2025-06-10,Phill McGurk,13000,13000,Section 8-1,Professional Services,60,17ad289f-7b7c-4779-970e-2c3acd5caf1f,Yes,Requires detailed invoice or documentation to support the nature of the expense.; Potential Division 7A risk if Phill McGurk is a shareholder or assoc
18,FY2024-25,2024-08-31,Superannuation,12924.82,12924.82,Section 8-1,Employee Expenses,95,52845087-1eaa-41fa-9e43-9b66885e6b48,Yes,Ensure superannuation obligations are met to avoid penalties.; Verify payments align with employee entitlements.
19,FY2024-25,2025-01-16,Wages,12700.84,12700.84,Section 8-1,Wages,90,01567375-28f2-4d94-a959-7495a839159e,Yes,"Requires standard payroll documentation (timesheets, employment contracts) to support the wage expense.; Need to confirm if any component of the wages"
20,FY2023-24,2024-01-18,Wages,12446.56,12446.56,Section 8-1,Wages,90,5ebced3c-637f-4103-8679-734e229b0289,Yes,Requires timesheets or other documentation to support the wage expense.; Ensure wages are reasonable for the work performed.
21,FY2024-25,2024-08-01,Wages,11150.96,11150.96,Section 8-1,Wages,90,c0a925b7-d1c7-4fb2-96bc-9d4723826994,Yes,Requires timesheets or other documentation to support the wage expense.; Ensure wages are reasonable for the work performed.
22,FY2024-25,2024-08-08,Wages,11141.89,11141.89,Section 8-1,Wages,90,85220fc0-c574-4667-9f2f-79832ab5260c,Yes,Requires payroll records and employee contracts to support the wage expense.; Ensure PAYG withholding obligations are met.
23,FY2022-23,2023-05-15,,11000,11000,Section 8-1,Tax Payment,95,71db8f5f-384d-400d-9dd7-96830ee07b53,Yes,"Verify the nature of the tax payment (e.g., GST, PAYG, Income Tax) to ensure correct allocation.; Obtain supporting documentation (e.g., payment advic"
24,FY2022-23,2023-05-05,,10600,10600,Section 8-1,Tax Payment,95,bb7f0d29-9c06-4e16-ae57-29e89aa6d4ef,Yes,"Requires documentation to confirm the nature of the tax payment (e.g., income tax, GST, PAYG withholding).; Ensure the payment aligns with the busines"
25,FY2022-23,2023-05-12,,10600,10600,Section 8-1,Tax Payment,95,c62e9c37-a5a3-4515-9a4b-f54d46c9ff0a,Yes,"Verify the nature of the tax payment (e.g., GST, PAYG, Income Tax) to ensure correct allocation.; Obtain supporting documentation (e.g., payment advic"
26,FY2024-25,2024-12-27,,10600,10600,Section 8-1,Tax Payment,95,fd7164fa-0eef-4fe2-8d74-77e17cf8195a,Yes,"Verify the nature of the tax payment (e.g., GST, PAYG withholding, income tax).; Ensure sufficient documentation (e.g., payment remittance advice) is "
27,FY2024-25,2024-09-27,,10600,10600,Section 8-1,Tax Payment,95,5a063667-9039-4e56-a679-f7afa17d52e4,Yes,"Verify the nature of the tax payment (e.g., GST, PAYG, Income Tax).; Ensure payment aligns with tax liabilities."
28,FY2024-25,2024-07-05,,10600,10600,Section 8-1,Tax Payment,95,d6591a46-84ae-45e3-9a68-b2964f4b944d,Yes,"Verify the nature of the tax payment (e.g., GST, PAYG, Income Tax).; Ensure payment aligns with tax liabilities."
29,FY2024-25,2024-07-12,,10600,10600,Section 8-1,Tax Payment,90,1d1c5ea9-8424-4fb3-a81d-7a49ba6f95dc,Yes,"Verify the nature of the tax payment (e.g., GST, PAYG, Income Tax) to ensure correct allocation and deductibility.; Obtain documentation from Westpac "
30,FY2024-25,2024-07-26,,10600,10600,Section 8-1,Tax Payment,95,0c60e730-fe66-44dc-8c82-fe9679f32997,Yes,Verify the nature of the tax payment and ensure it aligns with the business's tax obligations.; Confirm the tax payment is not related to any non-dedu
31,FY2024-25,2025-01-10,,10600,10600,Section 8-1,Tax Payment,95,925647ad-4b07-4367-8f41-5beb2b3a66f9,Yes,"Verify the nature of the tax payment (e.g., GST, PAYG, Income Tax) to ensure correct allocation.; Obtain supporting documentation (e.g., payment advic"
32,FY2024-25,2024-07-19,,10600,10600,Section 8-1,Tax Payment,95,5559b570-ef85-4175-870a-b67222d115ff,Yes,"Confirm the nature of the tax payment (e.g., PAYG, GST, Income Tax) to ensure correct allocation and deductibility.; Obtain evidence of the tax assess"
33,FY2024-25,2024-07-19,,10600,10600,Section 8-1,Unknown,60,0d6e8bcc-9c11-4ea9-bc58-eb1abc997235,Yes,Need more information to determine the nature of the expense.; Requires receipt or invoice to support the deduction.
34,FY2024-25,2024-08-02,,10600,10600,Section 8-1,Tax Payment,95,674f63e3-fb40-47b6-a06c-4a6ffb939cf8,Yes,"Verify the nature of the tax payment and ensure it aligns with the business's tax obligations.; Obtain documentation supporting the tax payment (e.g.,"
35,FY2024-25,2025-01-24,,10600,10600,Section 8-1,Tax Payment,95,2a6970e3-c996-4f7b-bd0a-6e32839f2a7a,Yes,Verify the nature of the tax payment and ensure it aligns with the business's tax obligations.; Obtain supporting documentation such as payment remitt
36,FY2022-23,2022-07-15,,10600,10600,Section 8-1,Tax Payment,95,35dfba1f-6f96-44aa-a409-00dbdf2989da,Yes,"Confirm the type of tax being paid (e.g., GST, PAYG, Income Tax).; Ensure payment aligns with tax liabilities."
37,FY2024-25,2024-08-09,,10600,10600,Section 8-1,Tax Payment,95,27501c58-ddf4-4203-8621-2145a6ffb5ce,Yes,"Verify the nature of the tax payment (e.g., GST, PAYG, Income Tax) to ensure correct allocation.; Obtain supporting documentation (e.g., remittance ad"
38,FY2024-25,2024-08-22,Wages,10596.93,10596.93,Section 8-1,Wages,85,a5c441aa-4061-4402-8aa2-c49b3fd0f6a5,Yes,"Requires timesheets or other documentation to support the deductibility of wages.; Need to confirm that the wages are not subject to FBT (e.g., if the"
39,FY2024-25,2025-01-09,Wages,10480.94,10480.94,Section 8-1,Wages,85,d6e18f88-9e86-4513-af7b-df91f7c0ca5a,Yes,Requires timesheets or other documentation to support the wage expense.; Ensure wages are reasonable and at market rates.
40,FY2024-25,2025-04-10,Wages,10148.17,10148.17,Section 8-1,Wages,90,310652a8-3af5-4336-8bbc-267ae339be85,Yes,"Requires standard payroll documentation (timesheets, employment contracts) to support the deduction.; Ensure wages are at market rates."
41,FY2024-25,2025-06-12,Wages,10131.93,10131.93,Section 8-1,Wages,95,4123a92f-0944-45a0-aff1-c0c3ba96cc44,Yes,Requires timesheets or other documentation to support the wage expense.; Ensure wages are properly recorded and PAYG withholding obligations are met.
42,FY2025-26,2025-10-08,Phill McGurk,10000,10000,Section 8-1,Unknown,60,015932b7-e5e9-4a9a-847c-ce49d3dde3f1,Yes,Need detailed invoice or description to determine deductibility and potential FBT or Division 7A implications.; Payment to Phill McGurk requires scrut
43,FY2025-26,2025-10-14,Phill McGurk,10000,10000,Section 8-1,Unknown,60,4f951a22-dffa-4848-b6ea-2cdbeca81b7a,Yes,Need more information to determine the nature of the expense. 'From Phill McGurk' is insufficient.; Potential Division 7A risk if Phill McGurk is a sh
44,FY2024-25,2025-03-06,Phillip McGurk,10000,10000,Section 8-1,Professional Services,70,6b1cb1fd-f03d-4eaa-9eda-f5918c5db61a,Yes,Need detailed invoice or description of services provided by Phillip McGurk to determine deductibility and potential Division 7A implications if Phill
45,FY2024-25,2025-03-13,Wages,9793.48,9793.48,Section 8-1,Wages,85,209e2f34-b39d-4e64-a950-ee4e5bf53c29,Yes,Requires timesheets or other documentation to support the wage expense.; Need to confirm if any portion of the wages relates to non-deductible activit
46,FY2024-25,2024-07-11,Wages,9664.38,9664.38,Section 8-1,Wages,85,bb776c32-7414-46f1-81f8-bd904ccacb15,Yes,Requires timesheets or other documentation to support the wage expense.; Need to confirm that the wages are ordinary income to the employee.
47,FY2024-25,2024-07-18,Wages,9603.24,9603.24,Section 8-1,Wages,90,b8fade16-1b80-448a-8512-62c4aa652c25,Yes,Requires timesheets or other documentation to support the wage expense.; Ensure wages are reasonable for the work performed.
48,FY2024-25,2024-07-04,Wages,9558.31,9558.31,Section 8-1,Wages,85,882a75c2-1ed8-4f7a-80af-481be0bd023e,Yes,Requires timesheets or other documentation to support the wage expense.; Ensure wages are reasonable for the work performed.
49,FY2025-26,2025-09-30,Superannuation,9151.04,9151.04,Section 8-1,Employee Expenses,95,cc63ac9b-e767-43e6-8ae1-fb9dc47ab1e3,Yes,Ensure superannuation contributions are made on time to avoid penalties.; Verify that the superannuation fund is a complying fund.
50,FY2024-25,2025-06-19,Wages,9140.86,9140.86,Section 8-1,Wages,85,3eac230e-46f3-4cfc-b851-35d315cfcf9e,Yes,Requires timesheets or other documentation to support the wage expense.; Ensure wages are reasonable and at market rates.
51,FY2024-25,2024-09-05,Wages,8603.53,8603.53,Section 8-1,Wages,85,deca95e4-6992-47dd-a94a-ff680b41b08e,Yes,Requires timesheets or other documentation to support the wage expense.; Ensure wages are reasonable for the work performed.
52,FY2025-26,2025-10-27,Lahrs Road Pty Ltd as Trustees for Lahrs Road Property Trust,8549.75,8549.75,Section 8-1,Repairs and Maintenance,90,f1182906-1382-4c36-94f7-3e686c7ceb89,Yes,"Ensure proper documentation (invoice, scope of works) is retained to support the deduction.; Assess if any portion of the property is used for private"
53,FY2024-25,2025-02-06,Wages,8483.25,8483.25,Section 8-1,Wages,85,a21e4d26-a913-4e8f-8a84-27bedbc41891,Yes,Requires timesheets or other documentation to support the wage expense.; Need to confirm if any portion of the wages relates to entertainment or other
54,FY2024-25,2024-09-12,Wages,8032,8032,Section 8-1,Wages,85,cb672840-9f05-4905-8b75-fc5795c8c93d,Yes,Requires timesheets or other documentation to support the wage expense.; Ensure wages are reasonable and at market rates.
55,FY2024-25,2025-01-30,Wages,7960.83,7960.83,Section 8-1,Wages,85,c2217a24-e97f-4b7d-a50f-94f7fe71e74c,Yes,Requires timesheets or other documentation to support the wage expense.; Need to confirm if any portion of the wages relates to entertainment or priva
56,FY2022-23,2023-05-23,,7500,7500,Section 8-1,Financial Services,70,f5666fba-7b1b-4736-a048-d9bd28c0f771,Yes,Need to determine the nature of expenses charged to the credit cards to assess deductibility. Obtain credit card statements.; Ensure expenses are busi
57,FY2024-25,2024-07-01,Carsi,7500,7500,Section 8-1,Professional Services,70,f588e16e-bb63-4da5-b8c5-981c51c6796b,Yes,Need to determine the nature of services provided by CARSI to assess deductibility and potential R&D eligibility.; Obtain invoice or contract from CAR
58,FY2024-25,2025-01-23,Wages,7344.53,7344.53,Section 8-1,Wages,90,a0753efb-87c9-4d0c-b777-7f97eb634418,Yes,Requires timesheets or other documentation to support the deductibility of wages. Need to confirm if any component relates to entertainment.
59,FY2025-26,2025-07-10,Wages,7331.58,7331.58,Section 8-1,Wages,90,07a39a25-1f6e-4048-88d3-c253d3a2bfc9,Yes,"Ensure adequate documentation (timesheets, employment contracts) exists to support the wage expense.; Verify that PAYG withholding obligations have be"
60,FY2023-24,2024-01-07,Fast Labour Hire Brisbane Pty Ltd,6317.16,6317.16,Section 8-1,Labour Hire,85,7c016870-bd78-4a9f-b4d9-4bf787d63db0,Yes,Requires detailed invoices or timesheets specifying the nature of the 'Various jobs' to confirm deductibility.; Ensure the labour hire is for business
61,FY2024-25,2025-03-06,Kleena Blinds and Curtains,6270.47,6270.47,Section 8-1,Cleaning Services,90,7abfbef6-f82b-499d-a550-402ee472cffc,Yes,
62,FY2023-24,2023-09-15,Construct Services,6201.11,6201.11,Section 8-1,Professional Services,95,c30ad001-bcb5-4e39-a467-2e3da83dd34f,Yes,"Ensure all invoices and receipts are retained.; Confirm that the travel expenses are substantiated with appropriate records (e.g., logbook)."
63,FY2024-25,2025-05-26,AJ Grant Restorations Pty Ltd,5874,5874,Section 8-1,Restoration Services,95,686ef878-f759-4cad-ac81-12d68c97bf62,Yes,"Ensure proper documentation (receipts, invoices) is maintained to support the deduction."
64,FY2025-26,2025-07-31,Wages,5839.28,5839.28,Section 8-1,Wages,85,16a02cc1-32ff-4354-80fa-0b8ad717080c,Yes,Requires timesheets or other documentation to support the wage expense.; Ensure wages are properly recorded and PAYG withholding obligations are met.
65,FY2023-24,2023-12-01,Matilda Industrial Units,5439.87,5439.87,Section 8-1,Rent,90,a3a70fd0-ebc7-4691-a321-c05be00e6351,Yes,Ensure the rental agreement is available for verification.; Confirm the property is used wholly for business purposes.
66,FY2023-24,2023-11-01,Matilda Industrial Units,5439.87,5439.87,Section 8-1,Rent,90,00974118-f936-449c-8282-21d4dcc6a40b,Yes,"Ensure rental agreement is in place.; Confirm the premises are used wholly and exclusively for business purposes. If there is any private use, the ded"
67,FY2025-26,2025-07-24,Wages,5424.89,5424.89,Section 8-1,Wages,90,b21b8198-07df-45b8-8c5a-ec9ab988ddd5,Yes,Requires timesheets or other documentation to support the nature of work performed by the employee.; Ensure PAYG withholding obligations are met.
68,FY2024-25,2025-02-04,AJ Grant Restorations Pty Ltd,5388.9,5388.9,Section 8-1,Restoration Services,90,1a917f9e-b503-40d1-9082-a36bccc2c766,Yes,"Ensure adequate documentation (receipts, invoices) is retained to support the deduction.; Review travel expenses to ensure they are wholly and exclusi"
69,FY2024-25,2025-01-09,,5382.05,5382.05,Section 8-1,Unknown,60,82588247-441c-4fea-a79e-4f369ae551cb,Yes,"Requires detailed invoice or receipt to determine the nature of the expense and confirm deductibility.; Without further information, the expense is as"
70,FY2025-26,2025-12-01,Matilda Industrial Units,5331.21,5331.21,Section 8-1,Rent,90,b9e5e03f-56ca-4202-8b64-8340efc53e70,Yes,Ensure rental agreement is available for verification.; Confirm the property is used wholly for business purposes to ensure full deductibility.
71,FY2024-25,2025-06-01,Matilda Industrial Units,5331.21,5331.21,Section 8-1,Rent,90,98ebe054-08a1-4c9f-be0d-1d3e89172e4b,Yes,"Ensure the rental agreement is available.; Confirm the property is used wholly for business purposes. If there is any private use, the deductible amou"
72,FY2023-24,2024-05-01,Matilda Industrial Units,5331.21,5331.21,Section 8-1,Rent,90,7911c972-c2ea-458c-99fd-e7f1e811e962,Yes,Ensure the rental agreement is available for verification.; Confirm the industrial unit is used wholly for business purposes. If there is any private 
73,FY2025-26,2025-07-01,Matilda Industrial Units,5331.21,5331.21,Section 8-1,Rent,90,8ab56fc5-dba2-43b9-8366-67deca61aaf8,Yes,
74,FY2025-26,2025-10-01,Matilda Industrial Units,5331.21,5331.21,Section 8-1,Rent,90,fb8df8b3-d864-4620-a775-b0f083486bfe,Yes,Ensure rental agreement is in place.; Confirm the property is used wholly for business purposes.
75,FY2025-26,2026-01-01,Matilda Industrial Units,5331.21,5331.21,Section 8-1,Rent,90,2219aa22-5928-4fee-aed4-b6f0cab36ab2,Yes,Ensure rental agreement is available.; Confirm the property is used wholly for business purposes.
76,FY2023-24,2023-10-04,Claim Central Pty Ltd ABN 61102685343,5128.42,5128.42,Section 8-1,Repairs and Maintenance,85,c436897f-f6bb-4c2a-9fd2-94192b3e22d7,Yes,"Ensure proper documentation (invoice, SOW) is retained to support the deduction.; Confirm that the expense relates to the business operations of Disas"
77,FY2025-26,2025-07-22,Commonwealth Bank Overdraft Account,5000,5000,Section 8-1 ITAA 1997 - general deduction,Finance Costs,90,d7f7596b-cd31-485d-92da-a485aa04b525,Yes,
78,FY2025-26,2025-07-21,Commonwealth Bank Overdraft Account,5000,5000,Section 8-1 ITAA 1997 - general deduction,Finance Costs,90,9d924a62-8a08-464c-a21b-c5d4d0f22c55,Yes,
79,FY2025-26,2025-08-14,Commonwealth Bank Overdraft Account,5000,5000,Section 8-1,Finance Costs,95,7ec3d9bc-c9b4-4cf5-9376-f2e7eb73ae2d,Yes,Requires bank statements to verify the interest expense.; Ensure the overdraft was used for business purposes.
80,FY2025-26,2025-08-18,Commonwealth Bank Overdraft Account,5000,5000,Section 8-1,Finance Costs,95,ce1fa584-3a64-4cfb-88d3-089d629375fe,Yes,Requires bank statements to verify the interest expense.; Ensure the overdraft was used for business purposes.
81,FY2025-26,2025-08-15,Commonwealth Bank Overdraft Account,5000,5000,Section 8-1,Finance Costs,90,7cfb0139-d589-429b-9e5d-e4304e4dc363,Yes,Retain bank statements as evidence of the expense.
82,FY2025-26,2025-07-21,Commonwealth Bank Overdraft Account,5000,5000,Section 8-1 ITAA 1997 - general deduction,Finance Costs,90,cfcd4e14-94cd-4495-8d09-3d55e20d9174,Yes,
83,FY2024-25,2024-07-08,Travelex,4929.35,4929.35,Section 8-1,Travel,80,f99e0170-0c18-41c0-97bf-1a7d6f9822b0,Yes,"Requires receipts and itinerary to confirm business purpose of travel.; Determine if any portion of the travel relates to entertainment, which may hav"
84,FY2023-24,2023-10-18,AJ Grant Restorations Pty Ltd,4721.2,4721.2,Section 8-1,Repairs and Maintenance,90,561e2e0e-c0bb-498f-9c0d-6d7f4d293788,Yes,"Ensure proper documentation (receipts, SOW) is retained to support the deduction.; Review the SOW for any potential capital expenditure."
85,FY2023-24,2023-11-22,AJ Grant Restorations Pty Ltd,4461.88,4461.88,Section 8-1,Repairs and Maintenance,90,f4ff05f3-0ef6-40b9-83c0-3724815d28d4,Yes,Ensure all invoices and receipts are retained.; Confirm that the expenditure is wholly and exclusively for business purposes.
86,FY2024-25,2025-02-17,Progressive Insurance,4235.37,4235.37,Section 8-1,Insurance,90,e80179f4-8458-47c1-835d-5d0311cdd499,Yes,Ensure the insurance policy relates to business assets or activities to support deductibility.
87,FY2025-26,2026-01-08,Superannuation,4201.97,4201.97,Section 8-1,Employee Expenses,95,31465adf-ef7f-4246-ae30-8b80fefd4513,Yes,Ensure superannuation contributions are made on time to avoid penalties.; Verify that the superannuation fund is a complying fund.
88,FY2023-24,2023-08-28,Tartan Group,4197.6,4197.6,Section 8-1,Professional Services,90,6ea31c1b-8a30-4acf-bf95-495438e64abe,Yes,"Ensure proper documentation (invoices, receipts) is retained to support the deduction.; Confirm that the expenses are wholly and exclusively incurred "
89,FY2025-26,2025-09-17,Wages,4157.71,4157.71,Section 8-1,Wages,85,3aeb25c2-2bd5-4851-b203-725a7bb61673,Yes,"Requires timesheets and payroll records to support the wage expense.; Need to confirm if any portion of the wages relates to entertainment, which may "
90,FY2025-26,2025-10-14,Cutting Edge Insurance,4139.3,4139.3,Section 8-1,Insurance,95,4725f609-1058-4570-abb7-47adbf302708,Yes,Requires receipt from Cutting Edge Insurance to substantiate the expense.
91,FY2023-24,2023-12-03,Fast Labour Hire Brisbane Pty Ltd,3903.75,3903.75,Section 8-1,Labour Hire,85,1d03bb1d-f9f5-4d18-a91f-1d7b77f2a990,Yes,Ensure invoice and timesheets are retained as evidence of the expense.; Confirm the expense is wholly and exclusively for the purpose of producing ass
92,FY2023-24,2023-11-16,MGR Lawyers Pty Ltd,3879.47,3879.47,Section 8-1,Professional Services,85,81e7af9f-34b8-4615-8b28-c7b7fefc3984,Yes,Ensure invoice and payment records are retained.; Assess the nature of the Stamford Plaza conflict to determine if any portion of the legal fees are c
93,FY2023-24,2024-01-16,Allianz Australia Insurance Limited,3804.35,3804.35,Section 8-1,Repairs and Maintenance,95,d208c9dc-a26f-433f-b53c-1631ee09fe89,Yes,"Ensure proper documentation (invoice, receipts) is retained to support the deduction.; Confirm the expense relates to the business operations of Disas"
94,FY2022-23,2023-05-19,MTA Travel,3786.76,3786.76,Section 8-1,Travel,90,059f8f82-8d1b-4a38-be10-71212c39eae8,Yes,Ensure travel is directly related to business activities and not for private purposes.; Keep all receipts and documentation related to the travel.
95,FY2023-24,2023-10-18,Claim Central Pty Ltd ABN 61102685343,3481.68,3481.68,Section 8-1,Repairs and Maintenance,90,95a1b025-aa88-4046-aab8-ed612c951b34,Yes,
96,FY2024-25,2024-09-23,Vector Wave Tech,3330.86,3330.86,Section 8-1,Software,95,5f1d6552-4cfe-4b18-a08f-44604bd49cb8,Yes,Confirm the website builder application is used wholly for business purposes.
97,FY2023-24,2023-12-31,BP Australia Pty Ltd,2936.12,2936.12,Section 8-1,Fuel,80,c492bc65-2ecb-4e3f-b6d9-ca101b614bdc,Yes,Ensure logbooks are maintained to substantiate business use percentage of vehicles.; Review for potential private use component.
98,FY2022-23,2023-05-01,Paypal,2844.42,2844.42,Section 8-1,Professional Services,70,e5fd809d-09f6-42bc-848f-9a202123937c,Yes,"Requires detailed invoice from Paypal to determine the nature of the expense.; Without further information, it is assumed to be a general business exp"
99,FY2025-26,2025-07-21,Motorama Ford Moorooka,2800,2800,Section 8-1 ITAA 1997 - general deduction,Vehicle,95,48edc46a-b819-451e-bc15-922ada1747a9,Yes,"Deductible via cents per km (85c/km max 5,000km) or logbook method"
100,FY2023-24,2023-10-16,AJ Grant Restorations Pty Ltd,2766.5,2766.5,Section 8-1,Repairs & Maintenance,95,9a3eac32-63cb-4640-83dd-715ef3adf8e1,Yes,"Ensure proper documentation (invoice, receipts) is retained to support the deduction.; Confirm the expense was incurred in deriving assessable income."
101,FY2024-25,2024-07-12,Disaster Recovery,2720,2720,Section 8-1,Tax,95,afa694da-dd5d-4d1d-a61b-34e369fdf34e,Yes,Verify the nature of the ATO payment to ensure deductibility. Request supporting documentation from the ATO or internal records.
102,FY2024-25,2024-07-12,Disaster Recovery,2720,2720,Section 8-1,Tax,90,213faddf-67f2-44b5-92ea-f56292ae1178,Yes,"Requires documentation to support the nature of the ATO payment (e.g., income tax, GST, PAYG withholding).; Ensure the payment relates to the business"
103,FY2024-25,2025-01-24,Disaster Recovery,2720,2720,Section 8-1,Professional Services,95,186ca3bb-9ab3-49fd-baca-e38aa8405dc9,Yes,Ensure invoice and payment records are retained.; Confirm the expense relates to the business operations.
104,FY2024-25,2024-09-24,Disaster Recovery,2720,2720,Section 8-1,Taxation,95,6541fa36-1465-4b95-91f8-b4669dd0044f,Yes,Ensure payment is properly documented with ATO statements.; Confirm the BAS relates to the business operations.
105,FY2024-25,2024-07-24,Disaster Recovery,2720,2720,Section 8-1,Tax,95,c0c4de46-1c06-47e9-9f8a-2f884a561376,Yes,Ensure payment is properly documented with ATO statements.; Confirm the expense relates to the business operations of Disaster Recovery Qld Pty Ltd.
106,FY2024-25,2024-11-25,Disaster Recovery,2720,2720,Section 8-1,Professional Services,95,f81f6ed0-6c50-4818-9069-43c4b598ae21,Yes,Ensure invoice and payment records are retained.; Confirm the expense relates to the business operations.
107,FY2025-26,2025-10-08,Wages,2679.31,2679.31,Section 8-1,Wages,85,a94c7f97-25f9-4d19-8064-9c0e73979ed8,Yes,Requires timesheets or other documentation to support the wage expense.; Ensure wages are properly recorded and PAYG withholding obligations are met.
108,FY2023-24,2023-10-20,Claim Central Pty Ltd ABN 61102685343,2671.38,2671.38,Section 8-1,Repairs and Maintenance,90,627a8045-ce64-4996-8b79-654fcb5026a2,Yes,"Ensure proper documentation (receipts, invoices) is retained.; Review SOW for any unusual terms or conditions."
109,FY2025-26,2025-11-12,Wages,2642.46,2642.46,Section 8-1,Wages,85,d429f7e8-b78a-4c2f-ac14-646281ae5f35,Yes,Requires timesheets or other documentation to support the wage expense.; Ensure wages are reasonable for the work performed.
110,FY2025-26,2025-10-15,Wages,2601.73,2601.73,Section 8-1,Wages,90,62550214-2fa5-4c76-912a-9b827a89e262,Yes,Requires timesheets or other documentation to support the wage expense.; Ensure wages are reasonable for the work performed.
111,FY2025-26,2025-07-31,Pattersons Insurebuild,2585,2585,Section 8-1,Repairs and Maintenance,90,3273dbfe-95b7-42a7-9af6-b06a7134d302,Yes,"Ensure proper documentation (invoice, receipts) is retained to support the deduction."
112,FY2025-26,2025-08-29,Pattersons Insurebuild,2574,2574,Section 8-1,Repairs and Maintenance,90,a267b1d6-79bb-4392-acad-3077ae9511ce,Yes,"Ensure proper documentation (invoice, proof of payment) is retained to support the deduction."
113,FY2023-24,2023-09-28,AJ Grant Restorations Pty Ltd,2524.5,2524.5,Section 8-1,Restoration Services,90,077a608b-4332-4762-ab38-7381a7e21cc6,Yes,"Ensure proper documentation (invoice, receipts) is retained to support the deduction."
114,FY2025-26,2025-10-05,Pattersons Insurebuild,2420,2420,Section 8-1,Equipment Rental,95,39d60501-7ba1-4eed-bdb1-8843de985cb1,Yes,Ensure invoice and rental agreement are retained as evidence of the expense.; Confirm the expense is wholly and exclusively for business purposes.
115,FY2025-26,2025-11-10,Pattersons Insurebuild,2310,2310,Section 8-1,Equipment Rental,95,fb22b339-6dc0-4a10-bbdf-1e94926c3a63,Yes,
116,FY2023-24,2023-11-10,FEN Australia Pty Ltd,2138.62,2138.62,Section 8-1,Remediation,90,3ea5b590-164a-47c1-9093-cb1e27f6ef0d,Yes,"Ensure proper documentation (receipts, invoices, contracts) is maintained to support the deduction.; Review allocation of expenses to ensure they dire"
117,FY2024-25,2024-07-24,Disaster Recovery,2100,2100,Section 8-1,Tax,95,83c455bf-a64d-426e-a083-62a6fe4d4e28,Yes,Ensure payment relates to business tax obligations.; Receipt from Disaster Recovery is required as evidence of payment.
118,FY2024-25,2024-12-24,Disaster Recovery,2100,2100,Section 8-1,Tax,90,686f9919-875a-4748-82f1-5206e131c45e,Yes,Requires documentation to support the tax instalment payment.; Ensure the payment relates to the business operations of Disaster Recovery Qld Pty Ltd.
119,FY2024-25,2025-03-27,Disaster Recovery,2091.76,2091.76,Section 8-1,Professional Services,85,75b01884-c8ec-49b1-8f50-8d2ffbdb87d3,Yes,Ensure invoice and contract details are retained to support the deduction.; Confirm the expense is wholly and exclusively for business purposes.
120,FY2024-25,2024-07-29,Disaster Recovery,2091.76,2091.76,Section 8-1,Professional Services,85,4d459af7-a359-4e7b-820d-b8371d6aa6af,Yes,Ensure invoice and contract support the management fee.; Confirm the expense is wholly and exclusively for the purpose of producing assessable income.
121,FY2024-25,2024-07-23,,2000,2000,Section 8-1,Financial,70,8b150bdf-928c-48a3-8c08-db38ccfec8c5,Yes,Requires credit card statements to determine the nature of the underlying expenses charged to the credit card. The deductibility of the expenses depen
122,FY2023-24,2023-10-04,FEN Australia Pty Ltd,1961.96,1961.96,Section 8-1,Repairs and Maintenance,90,072d5b5d-1f00-4d10-af6c-bfaf201ece8a,Yes,"Ensure proper documentation (receipts, invoices) is maintained to support the deduction.; Confirm that the expenses are wholly and exclusively for bus"
123,FY2025-26,2025-11-26,Goodyear AutoCare Sumner Park,1903.35,1903.35,Section 8-1,Repairs & Maintenance,85,74ea027d-d21a-46cd-8091-b41b4445d8a6,Yes,Ensure invoice and payment records are retained.; Deductibility depends on the extent to which the vehicle is used for business purposes. Private use 
124,FY2025-26,2025-12-03,Wages,1890.31,1890.31,Section 8-1,Wages,85,3effd8fc-38d6-432a-800c-cddcbe5b6432,Yes,Requires timesheets or other documentation to support the wage expense.; Ensure wages are reasonable for the work performed.
125,FY2025-26,2025-11-19,Wages,1853.46,1853.46,Section 8-1,Wages,90,a0dc9091-6ceb-4fc0-b9ac-a674387bb608,Yes,Requires timesheets or other documentation to support the wage expense.; Ensure wages are reasonable for the work performed.
126,FY2025-26,2025-12-10,Wages,1853.46,1853.46,Section 8-1,Wages,90,d19e861d-d618-49ad-b68c-9e857218d3f8,Yes,Requires timesheets or other documentation to support the wage expense.; Ensure wages are reasonable and properly authorised.
127,FY2025-26,2025-11-26,Wages,1853.46,1853.46,Section 8-1,Wages,85,a0b1b20e-9dd6-4994-8ddb-618249b41db6,Yes,Requires timesheets or other documentation to support the wage expense.; Need to confirm the nature of work performed to ensure deductibility.
128,FY2023-24,2023-12-29,Manatech Property Services,1815,1815,Section 8-1,Professional Services,85,5ede35d9-b07d-4bd9-bc81-07291b85e03f,Yes,
129,FY2025-26,2025-08-11,Sprake Family Trust,1782,1782,Section 8-1,Equipment Hire,90,9d38d4e9-1206-4ae7-923b-1820aa5edd00,Yes,Verify that the Sprake Family Trust is not related to the business owners to mitigate Division 7A risk.; Ensure proper documentation (invoice) is reta
130,FY2023-24,2023-11-30,Enviro Force,1683,1683,Section 8-1,Professional Services,80,b8d86590-dba0-4a6b-a568-c0384de9c961,Yes,Obtain invoice from Enviro Force to confirm the nature of services provided.
131,FY2023-24,2023-10-23,Construct Services,1633.94,1633.94,Section 8-1,Cleaning Services,95,fe3ad2d5-681b-4c01-bd04-fe4651dd6d3f,Yes,"Ensure adequate documentation (receipts, invoices, logbooks for travel) is retained to support the deduction.; Review travel records to ensure complia"
132,FY2022-23,2023-06-23,Effective Organics,1614.8,1614.8,Section 8-1 ITAA 1997 - general deduction,Construction,95,e38a68c9-f8a4-49d2-a67d-ccda0b38219f,Yes,
133,FY2024-25,2024-08-19,O'Brien AutoGlass,1593.2,1593.2,Section 8-1,Refund,95,ea236521-4c9a-4e5f-801d-1f9eba86c90b,Yes,"Ensure the original purchase was deductible. If the original purchase was capital, this refund may reduce the cost base of the asset."
134,FY2024-25,2024-08-06,O'Brien AutoGlass,1562.52,1562.52,Section 8-1,Repairs & Maintenance,95,984171aa-acc5-47dc-8520-e544ec66d50d,Yes,
135,FY2023-24,2023-12-03,Fast Labour Hire Brisbane Pty Ltd,1496.07,1496.07,Section 8-1,Labour Hire,90,dbf5deae-0649-4db5-bf39-705045de9f69,Yes,
136,FY2024-25,2024-11-12,Claim Central Pty Ltd ABN 61102685343,1405.8,1405.8,Section 8-1,Repairs and Maintenance,90,78c3e757-f39f-40ef-90f4-b4c3ab522a73,Yes,"Ensure proper documentation (receipts, invoices) is maintained to support the deduction.; Confirm that the expenses are wholly and exclusively for bus"
137,FY2024-25,2024-12-24,Wages,1400,1400,Section 8-1,Wages,90,a14df76d-5bda-4f23-8ea8-79b6b1899baa,Yes,"Requires timesheets or other documentation to support the wage expense.; If wages relate to directors, Division 7A should be considered."
138,FY2024-25,2025-01-29,CM3,1391.5,1391.5,Section 8-1,Software,95,39618b92-a4ab-4d90-903f-81750f9a6a4b,Yes,Requires receipt for substantiation.
139,FY2023-24,2023-07-03,Tartan Group,1384.12,1384.12,Section 8-1,Storage,95,1edbeeaa-a06c-4bc3-9c02-a60ff0746afe,Yes,
140,FY2023-24,2023-08-01,Tartan Group,1384.12,1384.12,Section 8-1,Storage,90,57438dc6-b0d9-478b-802f-d3a57066a88a,Yes,Ensure storage is directly related to business operations and not for personal use.; Verify invoice and payment records.
141,FY2024-25,2025-01-23,Wages,1368.81,1368.81,Section 8-1,Wages,85,adf7751d-3398-4581-9cc7-c957010acbbe,Yes,Requires timesheets or other documentation to support the wage expense.; Ensure PAYG withholding obligations are met.
142,FY2025-26,2025-11-04,Carpet Cleaners Warehouse,1344.42,1344.42,Section 8-1,Repairs & Maintenance,90,5fd0ee03-b5fb-4757-a428-180852913133,Yes,
143,FY2023-24,2023-09-01,Tartan Group,1339.47,1339.47,Section 8-1,Storage,95,f8fa8a03-4525-4fb7-893e-d9f2e8cbde05,Yes,Ensure proper documentation (invoice) is retained to support the deduction.
144,FY2023-24,2023-10-19,AJ Grant Restorations Pty Ltd,1320,1320,Section 8-1,Repairs & Maintenance,95,deffad0f-915e-4457-b9fa-eca9d1013bab,Yes,"Ensure proper documentation (invoice, receipts) is retained to support the deduction."
145,FY2023-24,2023-11-10,Carpet Cleaners Warehouse,1318.63,1318.63,Section 8-1,Repairs and Maintenance,95,d682ef22-ed62-4f2b-89a8-3aaf6eef68df,Yes,Ensure invoice and proof of payment are retained.; Confirm the repair relates to income-producing activities.
146,FY2024-25,2024-12-24,Wages,1286.56,1286.56,Section 8-1,Wages,95,af886157-9c84-42f5-998a-88e665fd2dd7,Yes,Requires timesheets or other documentation to support the wage expense.; Ensure wages are reasonable for the work performed.
147,FY2022-23,2023-05-14,AirBNB,1265,1265,Section 8-1,Travel,85,adf79981-2664-41f3-b366-386a1d38b53b,Yes,"Ensure travel is wholly and exclusively for business purposes.; Maintain adequate documentation (receipts, travel itinerary, purpose of travel)."
148,FY2025-26,2025-08-18,Vimeo,1254,1254,Section 8-1,Software,95,a712beba-3a65-444e-b212-c16b540b4422,Yes,Ensure invoice is retained as evidence of expense.; Confirm the expense is wholly and exclusively for business purposes.
149,FY2024-25,2024-08-16,Vimeo,1254,1254,Section 8-1,Software,95,5a35b9c1-2359-4e3e-a512-97bcbc99e966,Yes,Ensure invoice is retained as evidence of the expense.; Confirm the subscription is wholly for business purposes.
150,FY2023-24,2023-09-14,Tiger Containers,1232,1232,Section 8-1,Construction,80,589216ac-42cd-45dc-9c9d-d20f6ab09ab3,Yes,
151,FY2024-25,2025-01-23,Kmart,1230.85,1230.85,Section 8-1,Employee Benefits,60,91edd18f-6855-4a4c-883d-b9429a388935,Yes,"Need to determine the purpose of the gift card. If provided to employees, FBT may apply. If provided to clients, entertainment limitations may apply t"
152,FY2025-26,2025-10-29,Wages,1214.98,1214.98,Section 8-1,Wages,90,17ac2cac-9659-4331-bc6d-2360554b181b,Yes,"Requires standard payroll documentation (timesheets, employment contracts) to support the deduction.; Further investigation is needed to determine if "
153,FY2024-25,2024-07-24,BNP Media,1177.58,1177.58,Section 8-1,Professional Services,70,790221e5-446e-4f3e-b248-96654d770db6,Yes,Need to verify the nature of services provided by BNP Media to confirm deductibility.; Obtain detailed invoice from BNP Media.
154,FY2024-25,2025-01-30,Wages,1145.78,1145.78,Section 8-1,Wages,90,cf0dd6c8-f84e-41b0-9b49-3edf94ea0d25,Yes,Requires timesheets or other documentation to support the wage expense.; Ensure PAYG withholding obligations are met.
155,FY2025-26,2025-10-31,BP Australia Pty Ltd,1129.66,1129.66,Section 8-1,Fuel,85,3a577e06-16df-4702-9f68-38f95b7c2eaa,Yes,Ensure adequate records are kept to substantiate business use of vehicles. Review account code 65010 to ensure appropriate allocation.
156,FY2024-25,2024-07-02,BBM Contracts,1127.5,1127.5,Section 8-1,Professional Services,95,eba6c768-8ee6-47f7-8843-df3c97f6e882,Yes,Ensure invoice and sampling report are retained as documentation.; Confirm that the expense relates to income-producing activities.
157,FY2023-24,2023-12-07,Raine & Horne,1100,1100,Section 8-1,Cleaning,90,499a9588-742e-4bf7-a78c-ee616c86a76b,Yes,
158,FY2023-24,2023-11-10,Climate Rental Solutions Pty Ltd,1056,1056,Section 8-1,Supplies,90,8cacf77e-77b7-4862-9727-01ef97251c6d,Yes,
159,FY2024-25,2024-12-24,Wages,1055.07,1055.07,Section 8-1,Wages,95,a9333118-bd3c-4c8d-b626-c7c3d8e54c4f,Yes,Requires timesheets or other documentation to support the wage expense.; Ensure wages are reasonable for the work performed.
160,FY2024-25,2025-05-21,Indoor Air Quality Association,1015,1015,Section 8-1,Travel,85,031e8646-70f4-4d15-aade-04ebc02b87ad,Yes,"Ensure adequate documentation (receipt, conference program) is retained.; Scrutinize for any entertainment components (meals, social events) which may"
161,FY2025-26,2025-09-29,Containers Storage,1000,1000,Section 8-1,Storage,80,f2a47f9a-6ec2-47ab-8ecb-3662308d2591,Yes,Ensure invoice/receipt is retained as evidence of the expense.; Confirm the storage is wholly and exclusively for business purposes.
162,FY2024-25,2025-06-11,Withdrawl ATM,1000,1000,Section 8-1,Rent,95,814ce738-92ca-4d74-93f7-d8fe752c5102,Yes,"Ensure proper documentation (lease agreement, receipts) is maintained to support the rental expense.; Verify the storage container is used wholly and "
163,FY2025-26,2025-07-31,BP Australia Pty Ltd,999.37,999.37,Section 8-1,Fuel,85,b1f93f47-3a4e-46e7-a974-6ac6178c52cb,Yes,Ensure adequate records (receipts) are maintained to substantiate the fuel expenses.; Review business use percentage for each vehicle to determine ded
164,FY2023-24,2023-09-28,Construct Services,998.25,998.25,Section 8-1,Cleaning & Remediation,95,8bd36172-d61b-4e86-8f43-e0f66a6021e9,Yes,
165,FY2023-24,2023-10-31,DWF Law Australia,984.5,984.5,Section 8-1,Professional Services,90,52ef46f5-fc75-4bc3-a13e-991ce754b980,Yes,Ensure invoice and supporting documentation are retained.; Review the nature of the incident to determine if any specific deductibility limitations ap
166,FY2024-25,2025-03-13,Bunnings,975.15,975.15,Section 8-1,Hardware,70,bd3efb20-3878-4837-a0d7-9e6523514765,Yes,Requires receipt from Bunnings to verify the nature of the purchase.; Determine if any portion of the purchase was for private use and adjust the clai
167,FY2024-25,2024-08-29,St George - Loan Ford Ranger 645BS6,970.72,970.72,Section 8-1,Finance,85,7c4b47fb-6db4-47e4-aded-f8ca735566f3,Yes,Maintain loan documentation.; Determine the business use percentage of the Ford Ranger to calculate the deductible portion of the loan repayment. The 
168,FY2024-25,2025-05-28,Daniel Walters,962.5,962.5,Section 8-1,Professional Services,90,29cff1d9-d7a6-4644-83d1-aab89f06647b,Yes,Ensure invoice and payment records are retained.; Confirm the expense is wholly and exclusively for business purposes.
169,FY2024-25,2024-08-20,MTA Travel,953.02,953.02,Section 8-1,Travel,95,583e5135-adb7-483d-b83e-d2f6f73fa938,Yes,Ensure travel is wholly and exclusively for business purposes.
170,FY2023-24,2023-09-08,Claim Central Pty Ltd ABN 61102685343,950.52,950.52,Section 8-1,Repairs and Maintenance,90,13cc64c1-c229-472b-89a0-ffef3fc49e2c,Yes,"Ensure proper documentation (receipts, invoices) is retained to support the deduction.; Review the 'Makesafe' component to ensure it doesn't contain a"
171,FY2025-26,2025-10-19,Department of Transport,945.9,945.9,Section 8-1,Motor Vehicle Expenses,85,1f6e8db6-75a9-412d-ad1b-24edd55959d4,Yes,Ensure vehicle is used for business purposes. Private use may limit deductibility. Maintain logbook if applicable.
172,FY2025-26,2025-07-21,Claim Central Pty Ltd ABN 61102685343,944.63,944.63,Section 8-1,Cleaning & Remediation,90,6f7c6bf0-6e63-4c8c-906c-54e5f75df3ef,Yes,
173,FY2024-25,2024-08-15,Wages,940.76,940.76,Section 8-1,Wages,90,8ffa9608-bc56-465b-8ef0-19a9e701b2d5,Yes,"Requires standard payroll documentation (timesheets, employment contracts) to support the wage expense.; Ensure proper PAYG withholding and superannua"
174,FY2023-24,2023-11-10,Carpet Cleaners Warehouse,930.05,930.05,Section 8-1,Repairs & Maintenance,90,c5d0f306-fe58-4b8d-bf08-66acfd14b074,Yes,
175,FY2022-23,2023-01-03,Amazon,917.18,917.18,Section 8-1,Uniforms,90,af440ef9-bc74-4f1c-a95d-68aa02fc1cc7,Yes,Ensure the uniforms are genuinely for work purposes and display the company logo to support deductibility.; Maintain receipts from Amazon as evidence 
176,FY2025-26,2025-08-06,Pattersons Insurebuild,907.5,907.5,Section 8-1,Professional Services,90,070cd4f4-6719-4898-9389-2ff7b8e973d0,Yes,"Ensure proper documentation (receipts, invoices) is retained to support the deduction.; Review for any potential capital works implications."
177,FY2025-26,2025-10-29,Department of Transport,886.7,886.7,Section 8-1,Motor Vehicle Expenses,85,56f5a911-2596-492b-b761-a75e5820ff0b,Yes,Ensure vehicle is used for business purposes. Private use may limit deductibility.
178,FY2024-25,2024-07-15,AJ Grant Restorations Pty Ltd,880,880,Section 8-1,Asset Disposal,95,11e0039d-1da3-4665-9b03-778bf36fa2e1,Yes,"Ensure proper documentation (receipts, disposal records) is maintained.; Consider any capital gains tax implications from the disposal of vehicles."
179,FY2024-25,2025-02-25,Anthropic,875.94,875.94,Section 8-1,Software,85,8814ee15-118e-488f-b449-0b3e0434888c,Yes,Need to verify the nature of 'Ai Phill' to confirm deductibility. Ensure invoice is retained.
180,FY2024-25,2025-05-30,Anthropic,867.09,867.09,Section 8-1,Software,80,16d80efd-858b-4583-9c0c-7c0fc940b5f0,Yes,"Need detailed invoice to confirm nature of service. If related to software development, assess for software development pool. If related to AI consult"
181,FY2023-24,2024-05-14,Telstra Corporation Limited,865.09,865.09,Section 8-1,Communication,95,40b5546c-49bf-4e38-831c-43d36bc861f0,Yes,
182,FY2023-24,2023-10-04,FEN Australia Pty Ltd,861.85,861.85,Section 8-1,Repairs and Maintenance,85,64b9f679-0346-457a-b7c2-483bdd36ef5e,Yes,
183,FY2024-25,2024-07-12,Telstra Corporation Limited,855.09,855.09,Section 8-1,Telecommunications,95,66e4249e-67b9-47a1-b426-e1527dca4749,Yes,
184,FY2025-26,2025-11-05,Crawford & Co,836.84,836.84,Section 8-1,Professional Services,80,4ebe56de-2413-4053-8d56-9bb7b513dfd0,Yes,Need to verify the nature of services provided by Crawford & Co to confirm deductibility. Obtain invoice details.
185,FY2024-25,2025-05-06,FEN Australia Pty Ltd,836,836,Section 8-1,Equipment Rental,90,a722db25-781d-4e51-bd63-18b987b33bd8,Yes,Ensure invoice and proof of payment are retained.; Confirm that the expense is wholly and exclusively for business purposes.
186,FY2025-26,2025-09-15,Zapier,799.99,799.99,Section 8-1,Software,85,e4b72fb2-840f-457b-91a5-9abdecf5376e,Yes,Requires invoice from Zapier to support the deduction.; Confirm the expense is wholly and exclusively for business purposes.
187,FY2023-24,2023-07-04,FEN Australia Pty Ltd,796.29,796.29,Section 8-1,Professional Services,85,4b369cce-d979-4aef-9722-e5c1fb09d2e3,Yes,"Ensure adequate documentation (receipts, invoices) is retained to support the deduction.; Confirm the 'Assessment of pool table' is genuinely for busi"
188,FY2024-25,2024-12-09,Goodyear AutoCare Sumner Park,783.45,783.45,Section 8-1,Vehicle Maintenance,85,083db9e3-76f0-4b99-bc24-d6cb23c9b275,Yes,
189,FY2022-23,2023-02-24,Y.P,780,780,Section 8-1,Uncategorized,60,a637034a-cb53-486a-8fc8-e776ad425716,Yes,"Requires detailed invoice or description to determine deductibility and GST treatment.; Verify if Y.P. is an employee, contractor, or related party."
190,FY2023-24,2024-01-19,Telstra Corporation Limited,754.24,754.24,Section 8-1,Telecommunications,90,59b963f6-4f10-4c95-8f8d-6fc91ca85ea0,Yes,"Ensure the telephone service is primarily for business use. If there is a significant private use component, the deductible amount should be reduced a"
191,FY2024-25,2025-01-30,Perpetual Corporate Trust,751.04,751.04,Section 8-1,Loan,85,f13629c1-d877-4867-84a2-48efc536fe58,Yes,Ensure loan agreement is documented and on commercial terms to avoid potential issues.; Verify the use of the loan proceeds to confirm deductibility.
192,FY2024-25,2024-07-29,Azora Asset Finace,750,750,Section 8-1,Finance,90,b4056f98-2c67-4af1-9bea-09bbdeaef4c4,Yes,Ensure loan is used for business purposes to support deductibility.; Keep loan agreement and payment records.
193,FY2025-26,2025-11-30,BP Australia Pty Ltd,741.08,741.08,Section 8-1,Fuel,80,57784036-5095-4992-8ab5-b8abbdb6424b,Yes,Ensure adequate records are kept to substantiate business use of vehicles. Private use may need to be apportioned.
194,FY2024-25,2025-01-17,Lockyer Bins,735,735,Section 8-1,Waste Disposal,95,5bd8184b-66d8-4c80-adaa-5c341b4d29e8,Yes,
195,FY2023-24,2023-07-25,Allianz Australia Insurance Limited,729.1,729.1,Section 8-1,Insurance,90,ce43a1ad-8adc-4afe-a419-4988ac630c31,Yes,Ensure the storage relates to business operations and not personal use.
196,FY2023-24,2023-11-30,Viva Energy,728.71,728.71,Section 8-1,Fuel,85,179d8ace-3f0f-44b2-9f1a-4eb5fa5e58d1,Yes,Ensure adequate records are kept to substantiate business use of fuel.; Consider private use apportionment if applicable.
197,FY2023-24,2023-09-28,AJ Grant Restorations Pty Ltd,723.25,723.25,Section 8-1,Repairs and Maintenance,95,7761ddde-1238-40d5-9376-cf19d953d5e1,Yes,
198,FY2023-24,2023-11-04,Telstra Corporation Limited,718.53,718.53,Section 8-1,Telecommunications,85,f8437f67-3ead-4671-bae5-230d2d8766d2,Yes,Ensure appropriate apportionment if there is any private use of the mobile phones and data plans. Maintain records to support business use.
199,FY2023-24,2023-08-04,FEN Australia Pty Ltd,711.7,711.7,Section 8-1,Storage,95,da777564-497d-4933-9e44-e5145c575349,Yes,
200,FY2023-24,2023-10-18,AJ Grant Restorations Pty Ltd,693,693,Section 8-1,Professional Services,90,ddb63015-e689-461d-a77e-682ea08713a6,Yes,Ensure invoice and SOW are retained as evidence of the expense.
201,FY2023-24,2023-11-13,AJ Grant Restorations Pty Ltd,683.54,683.54,Section 8-1,Professional Services,85,a011af55-9030-4e57-8fe7-b27c37ca12cf,Yes,Ensure adequate documentation for travel expenses (logbook or other evidence).; Living away from home allowance may have FBT implications. Review empl
202,FY2024-25,2024-07-29,Budget Bins,682,682,Section 8-1,Waste Disposal,95,c4a83afd-1d95-4e30-b4d3-5c3a3bd788d7,Yes,
203,FY2022-23,2023-05-15,FEN Australia Pty Ltd,680.9,680.9,Section 8-1 ITAA 1997 - general deduction,Storage,95,caf1d9d5-66e2-4f6e-9631-20c713075187,Yes,Maintain receipts and invoices as evidence of the expense. s 8-1 ITAA 1997 allows a deduction for expenses incurred in gaining or producing assessable
204,FY2024-25,2025-06-09,Allcoast Towing,674.52,674.52,Section 8-1,Transportation,90,6c9f54a9-85b8-4f50-a07e-83c0056a866d,Yes,Ensure invoice is retained as evidence of the expense.; Confirm the expense is wholly and exclusively for business purposes.
205,FY2025-26,2025-12-22,Goodyear AutoCare Sumner Park,659.55,659.55,Section 8-1,Automotive,90,eb963906-5bf1-40f7-b7be-a829db850d2c,Yes,
206,FY2024-25,2024-07-12,Grow Funding,653.07,653.07,Section 8-1,Finance,90,6163a083-8571-4cfb-b648-03ad8c92aae2,Yes,Ensure loan agreement is available to verify terms and conditions.; Confirm the purpose of the loan and that it was used for business purposes.
207,FY2023-24,2023-12-12,Grow Funding,653.07,653.07,Section 8-1,Finance,90,9e313a17-79a1-4005-a728-08c269871656,Yes,Ensure loan agreement is available to verify terms and conditions.; Confirm the purpose of the loan to ensure deductibility.
208,FY2024-25,2025-06-15,Time Out Computers Australia PTY LTD,648.86,648.86,Section 8-1,Professional Services,80,3d7bd1bc-8144-42d1-8eb0-456c4a6cc823,Yes,Requires detailed invoice to confirm the nature of 'July Services' for substantiation purposes.
209,FY2025-26,2025-12-15,Time Out Computers Australia PTY LTD,642.46,642.46,Section 8-1,Software,90,b2ab9f7d-3c81-4ed0-8335-f7c63f977766,Yes,"Ensure invoice and payment records are retained.; Review the nature of the 'emails' to determine if any entertainment is included, which may have dedu"
210,FY2025-26,2025-10-15,Time Out Computers Australia PTY LTD,641.36,641.36,Section 8-1,Professional Services,85,5e86ae9c-866d-4a4b-b2b1-35089289e31d,Yes,Obtain detailed invoice to understand the nature of 'November Services' and ensure it is wholly for business purposes.
211,FY2024-25,2025-02-19,AirBNB,639.56,639.56,Section 8-1,Travel,70,922ad63e-e8a6-440f-90b2-191c3f7af715,Yes,"Need to determine the purpose of the travel to assess deductibility under Section 8-1. If for business, it is deductible. If for private purposes, it "
212,FY2023-24,2023-11-15,Kennards Hire,637,637,Section 8-1,Equipment Hire,90,6ed67f80-0d88-4318-b795-469f37da574d,Yes,
213,FY2023-24,2023-07-21,National Storage,634,634,Section 8-1,Storage,90,894d57cd-7d77-4fee-a26c-bcef9b81fcb4,Yes,
214,FY2024-25,2025-06-16,AJ Grant Restorations Pty Ltd,632.5,632.5,Section 8-1,Professional Services,95,6d5278d1-1902-40f0-a5e0-b4b6a5a66125,Yes,"Ensure proper documentation (receipts, reports) is maintained to support the deduction."
215,FY2024-25,2025-01-09,Wages,632,632,Section 8-1,Wages,90,9d26c4ad-29f1-4f43-b261-1d3d78118859,Yes,"Maintain adequate records (timesheets, employment contracts) to support the wage expense.; Ensure wages are reasonable and at market rates."
216,FY2022-23,2023-05-12,National Storage,619,619,Section 8-1,Storage,90,730fd50c-4c35-4728-8cd2-2f59ee4554f6,Yes,Ensure invoice/receipt is retained as evidence of the expense.; Confirm the storage is used wholly and exclusively for business purposes.
217,FY2025-26,2025-09-30,Carpet Cleaners Warehouse,618.72,618.72,Section 8-1,Repairs and Maintenance,85,47f77c47-5574-40f1-b603-0b765d7942cc,Yes,Ensure invoice and proof of payment are retained.; Confirm the expense relates to business use and not private use.
218,FY2022-23,2023-02-20,Storage King Redbank Plains,610,610,Section 8-1,Rent,85,a30da380-c7d6-46c8-aa54-f1ef1ca378ce,Yes,"Ensure the storage is used wholly and exclusively for business purposes. If there is any private use, the deductible amount will need to be apportione"
219,FY2023-24,2023-09-21,Claim Central Pty Ltd ABN 61102685343,606.42,606.42,Section 8-1,Repairs and Maintenance,90,23805f28-53d4-4cce-aced-ba944a1fb8b4,Yes,Ensure proper documentation (receipts) is maintained to support the deduction.; Review 'Makesafe' component to ensure it is not capital in nature.
220,FY2024-25,2025-01-02,Claim Central Pty Ltd ABN 61102685343,603.9,603.9,Section 8-1,Repairs and Maintenance,90,43c2e5de-8cf4-4bb3-99e5-74333a71a66d,Yes,
221,FY2024-25,2024-07-08,Holiday Inn Express,603.25,603.25,Section 8-1,Travel,85,db68cdbe-a85b-4d03-9ddf-0f4137e8e8a3,Yes,Ensure travel is genuinely for business purposes.; Receipt from Holiday Inn Express is required.
222,FY2023-24,2023-11-21,Kennards Hire,603.16,603.16,Section 8-1,Construction,90,7eca3ecb-6682-4516-9d2f-f1ebcf460f2a,Yes,Ensure invoice and proof of payment are retained.; Confirm the expense relates to income-producing activities.
223,FY2022-23,2023-05-23,National Storage,603,603,Section 8-1,Storage,95,9cd7b098-dc81-4400-a08c-a0690bf58f09,Yes,Ensure invoice is retained as evidence of expense.; Confirm the storage is used wholly and exclusively for business purposes.
224,FY2024-25,2024-08-23,Pivotal Entertainment,600,600,Section 8-1,Travel,70,2ded0c81-48dd-465e-bad6-f102f438091a,Yes,Requires receipts to verify the nature of the travel expense.; Determine the purpose of the trip to Mackay to assess deductibility. If it's for busine
225,FY2023-24,2024-05-19,Fast Labour Hire Brisbane Pty Ltd,596.9,596.9,Section 8-1,Labour Hire,95,af1604a7-941b-4c5c-8586-cf7f185c0d6b,Yes,
226,FY2024-25,2024-07-24,BNP Media,588.78,588.78,Section 8-1,Professional Services,80,53d9e5fd-881f-4399-b6b5-dba7546a9c01,Yes,Need to verify the nature of services provided by BNP Media - Phill to confirm deductibility.; Obtain invoice or contract to support the expense.
227,FY2024-25,2024-07-14,Upwork,587.24,587.24,Section 8-1,Professional Services,80,ed95f3ae-a8fb-4c92-9fec-73b900fa90d6,Yes,Requires detailed invoice or description from Upwork to determine the nature of services provided by 'Phill'.; Ensure the expense is wholly and exclus
228,FY2024-25,2025-01-24,Semrush,576.16,576.16,Section 8-1,Marketing,95,3cbd16f9-ba7a-4159-947f-df6cf23eddd2,Yes,Requires receipt for substantiation.
229,FY2024-25,2024-07-03,National Storage,574.02,574.02,Section 8-1,Storage,95,64cda29d-f3d8-472c-bfd2-58294091245f,Yes,
230,FY2024-25,2024-07-30,National Storage,574.02,574.02,Section 8-1,Storage,95,44f7326a-d3f7-4879-8fc2-486b9adeefcf,Yes,
231,FY2022-23,2023-05-17,Taxibox,572,572,Section 8-1,Storage,95,5a3fc6f5-21b3-40c9-914d-d2a7fb17754a,Yes,
232,FY2022-23,2023-05-17,Taxibox,572,572,Section 8-1,Storage,90,252d4748-6641-4aba-868e-989be22f30d2,Yes,
233,FY2024-25,2025-05-24,Semrush,562.49,562.49,Section 8-1,Marketing,95,f79caf1a-b002-4930-b003-7aec09713008,Yes,Ensure invoice and proof of payment are retained.; Confirm expense is wholly and exclusively for business purposes.
234,FY2023-24,2023-07-24,National Storage,561,561,Section 8-1,Storage,90,282db820-73d2-48d8-a3ec-6f756de2fcc4,Yes,
235,FY2023-24,2023-07-11,AGL Electricity,555.13,555.13,Section 8-1,Utilities,90,41520c73-7d6c-489f-990f-ceabfa89d54a,Yes,Ensure invoice is retained as evidence of expense.; Confirm warehouse is used for business purposes.
236,FY2025-26,2025-07-24,Semrush,554.36,554.36,Section 8-1,Marketing,95,c23c9682-4a5b-4cc9-a694-24b0d3918852,Yes,Ensure invoice is retained as evidence of expense.; Confirm the expense is wholly and exclusively for business purposes.
237,FY2023-24,2023-10-18,AJ Grant Buildings,550,550,Section 8-1,Professional Services,95,1c43ed6c-23d8-4d3d-98e5-f768f660fdeb,Yes,Ensure invoice and lab results are retained as documentation.; Confirm the expense relates to income-producing activities.
238,FY2025-26,2025-09-24,Semrush,548.38,548.38,Section 8-1,Marketing,95,1bdd93e3-e36f-4ab6-abfd-4ec4808dc227,Yes,Retain invoice as evidence of expense.
239,FY2025-26,2025-09-19,Railway,523.24,523.24,Section 8-1,Software,85,8238419d-c8e1-44e8-9d91-5ad2f21b57fd,Yes,Requires receipt for substantiation.; Confirm software is used for business purposes.
240,FY2024-25,2025-06-19,Railway,520.68,520.68,Section 8-1,Software,85,31669eac-d810-481d-bb3c-771b429be56f,Yes,Requires receipt from Railway.; Confirm software is used for income-producing purposes.
241,FY2023-24,2023-12-15,Time Out Computers Australia PTY LTD,520.15,520.15,Section 8-1,Professional Services,80,38207182-e49e-45d0-b20c-6fc76aac9b7b,Yes,Obtain detailed invoice to confirm the nature of 'January Services' and ensure it is wholly for business purposes.
242,FY2024-25,2025-06-12,Blue Elephant Media,520,520,Section 8-1,Marketing,80,2f860b84-ca04-4380-a294-88479dcfd22d,Yes,Obtain invoice from Blue Elephant Media to support the deduction.
243,FY2024-25,2024-07-10,Holiday Inn Express,514.72,514.72,Section 8-1,Travel,85,96f98020-c776-4ab9-a563-3a4a12b57486,Yes,"Ensure travel is genuinely for business purposes.; Maintain adequate documentation (receipts, travel itinerary, purpose of travel)."
244,FY2025-26,2025-07-07,Upwork,512.17,512.17,Section 8-1,Professional Services,80,7ccc2ac2-115f-4337-a416-8f9c447ebef8,Yes,Requires invoice or contract from Upwork detailing the services provided by Phill.; Ensure the expense is genuinely incurred in carrying on a business
245,FY2025-26,2025-07-15,Pinnacle Insurance Services,510,510,Section 8-1 ITAA 1997 - general deduction,Insurance,95,b95f72f9-a58b-43ec-91ab-e6dfd0e497f7,Yes,
246,FY2025-26,2025-07-22,Upwork,504.62,504.62,Section 8-1,Professional Services,80,50d31a85-6991-4d85-bdbb-f4c134ddb8e1,Yes,Requires detailed invoice or description of services provided by Phill via Upwork to confirm deductibility.; Ensure the expense is wholly and exclusiv
247,FY2023-24,2023-10-10,AGL Electricity,503.76,503.76,Section 8-1,Utilities,90,7af368b1-0a66-46b7-83ff-6b6492c90394,Yes,Ensure invoice is retained as evidence of expense.
